address,number,open,available,free,total,ticket,updated_at,geo_shape,geo_point_2d,update_jcd
Francia - Menorca,56,T,0,15,15,F,14/06/2025 12:02:38,"{'type': 'Feature', 'geometry': {'coordinates': [-0.3444052893928658, 39.45842126509135], 'type': 'Point'}, 'properties': {}}","{'lon': -0.3444052893928658, 'lat': 39.45842126509135}",2025-06-14T12:01:40+00:00
Aragón - Vicente Sancho Tello,78,T,6,14,20,F,14/06/2025 12:02:38,"{'type': 'Feature', 'geometry': {'coordinates': [-0.358688329939162, 39.46994531050937], 'type': 'Point'}, 'properties': {}}","{'lon': -0.358688329939162, 'lat': 39.46994531050937}",2025-06-14T11:56:38+00:00
Plaza Poeta Llorente,5,T,5,10,15,F,14/06/2025 12:02:38,"{'type': 'Feature', 'geometry': {'coordinates': [-0.3711403661399108, 39.476895339123786], 'type': 'Point'}, 'properties': {}}","{'lon': -0.3711403661399108, 'lat': 39.476895339123786}",2025-06-14T12:01:48+00:00
Ribera - Plaza Ayuntamiento,15,T,2,32,34,F,14/06/2025 12:02:38,"{'type': 'Feature', 'geometry': {'coordinates': [-0.3756373880434071, 39.46908831533384], 'type': 'Point'}, 'properties': {}}","{'lon': -0.3756373880434071, 'lat': 39.46908831533384}",2025-06-14T11:53:04+00:00
Xátiva - Bailén (Estación del Norte),17,T,28,2,30,F,14/06/2025 12:02:38,"{'type': 'Feature', 'geometry': {'coordinates': [-0.3772593951806123, 39.46746831099193], 'type': 'Point'}, 'properties': {}}","{'lon': -0.3772593951806123, 'lat': 39.46746831099193}",2025-06-14T11:56:52+00:00
"Colón, 44",70,T,6,11,17,F,14/06/2025 12:02:38,"{'type': 'Feature', 'geometry': {'coordinates': [-0.3716462894107889, 39.469213221319464], 'type': 'Point'}, 'properties': {}}","{'lon': -0.3716462894107889, 'lat': 39.469213221319464}",2025-06-14T11:58:33+00:00
Fernando el Católico - Erudito Orellana,23,T,1,18,19,F,14/06/2025 12:02:38,"{'type': 'Feature', 'geometry': {'coordinates': [-0.3861784216967592, 39.471628328748515], 'type': 'Point'}, 'properties': {}}","{'lon': -0.3861784216967592, 'lat': 39.471628328748515}",2025-06-14T12:00:12+00:00
Fernando el Católico - Cuenca,24,T,18,1,20,F,14/06/2025 12:02:38,"{'type': 'Feature', 'geometry': {'coordinates': [-0.3840274173384119, 39.469077319212495], 'type': 'Point'}, 'properties': {}}","{'lon': -0.3840274173384119, 'lat': 39.469077319212495}",2025-06-14T12:01:22+00:00
San Vicente Martir - Doctor Vilá Barberá,27,T,5,15,20,F,14/06/2025 12:02:38,"{'type': 'Feature', 'geometry': {'coordinates': [-0.3818514137102655, 39.463362299305594], 'type': 'Point'}, 'properties': {}}","{'lon': -0.3818514137102655, 'lat': 39.463362299305594}",2025-06-14T11:58:44+00:00
Navarro Reverter - Grabador Esteve,28,T,3,26,29,F,14/06/2025 12:02:38,"{'type': 'Feature', 'geometry': {'coordinates': [-0.36775135880068294, 39.47158231958138], 'type': 'Point'}, 'properties': {}}","{'lon': -0.36775135880068294, 'lat': 39.47158231958138}",2025-06-14T11:59:05+00:00
Salamanca - Conde Altea,31,T,9,9,19,F,14/06/2025 12:02:38,"{'type': 'Feature', 'geometry': {'coordinates': [-0.3650283531086902, 39.467365304622646], 'type': 'Point'}, 'properties': {}}","{'lon': -0.3650283531086902, 'lat': 39.467365304622646}",2025-06-14T12:00:02+00:00
Juan Llorens - Quart,19,T,15,0,15,F,14/06/2025 12:02:38,"{'type': 'Feature', 'geometry': {'coordinates': [-0.391590438798602, 39.47436934054566], 'type': 'Point'}, 'properties': {}}","{'lon': -0.391590438798602, 'lat': 39.47436934054566}",2025-06-14T11:57:18+00:00
Quart - Fernando el Católico,20,T,10,5,16,F,14/06/2025 12:02:38,"{'type': 'Feature', 'geometry': {'coordinates': [-0.3878474253260651, 39.47503434099054], 'type': 'Point'}, 'properties': {}}","{'lon': -0.3878474253260651, 'lat': 39.47503434099054}",2025-06-14T11:57:18+00:00
Plaza América - Cirilo Amorós - Sorní,29,T,5,15,20,F,14/06/2025 12:02:38,"{'type': 'Feature', 'geometry': {'coordinates': [-0.3652993525279599, 39.47011231364647], 'type': 'Point'}, 'properties': {}}","{'lon': -0.3652993525279599, 'lat': 39.47011231364647}",2025-06-14T11:56:24+00:00
Plaza de la Reina - Mar,8,T,1,8,9,F,14/06/2025 12:02:38,"{'type': 'Feature', 'geometry': {'coordinates': [-0.3752982847143531, 39.473881223660634], 'type': 'Point'}, 'properties': {}}","{'lon': -0.3752982847143531, 'lat': 39.473881223660634}",2025-06-14T11:55:37+00:00
Autopista del Saler - Puente Monteolivete,47,T,10,9,20,F,14/06/2025 12:02:38,"{'type': 'Feature', 'geometry': {'coordinates': [-0.35541832880362817, 39.45651226440267], 'type': 'Point'}, 'properties': {}}","{'lon': -0.35541832880362817, 'lat': 39.45651226440267}",2025-06-14T11:55:34+00:00
Baleares - Lebón,60,T,2,15,19,F,14/06/2025 12:02:38,"{'type': 'Feature', 'geometry': {'coordinates': [-0.3517763125261459, 39.46223128102797], 'type': 'Point'}, 'properties': {}}","{'lon': -0.3517763125261459, 'lat': 39.46223128102797}",2025-06-14T12:01:54+00:00
Vicent Vidal - Pintor Maella,61,T,18,2,20,F,14/06/2025 12:02:38,"{'type': 'Feature', 'geometry': {'coordinates': [-0.34783029886743094, 39.46129327599964], 'type': 'Point'}, 'properties': {}}","{'lon': -0.34783029886743094, 'lat': 39.46129327599964}",2025-06-14T11:58:28+00:00
Av. Puerto 61-63,64,T,8,12,20,F,14/06/2025 12:02:38,"{'type': 'Feature', 'geometry': {'coordinates': [-0.35419531724959286, 39.46651829706714], 'type': 'Point'}, 'properties': {}}","{'lon': -0.35419531724959286, 'lat': 39.46651829706714}",2025-06-14T12:01:52+00:00
Plaza de Europa,54,T,7,13,20,F,14/06/2025 12:02:38,"{'type': 'Feature', 'geometry': {'coordinates': [-0.3526903171951741, 39.459778273617445], 'type': 'Point'}, 'properties': {}}","{'lon': -0.3526903171951741, 'lat': 39.459778273617445}",2025-06-14T12:01:40+00:00
"Blasco Ibañez, 23 (F. Filosofía y Psicología)",89,T,0,30,30,F,14/06/2025 12:02:38,"{'type': 'Feature', 'geometry': {'coordinates': [-0.3593183259089267, 39.47780233689744], 'type': 'Point'}, 'properties': {}}","{'lon': -0.3593183259089267, 'lat': 39.47780233689744}",2025-06-14T11:55:59+00:00
Grabador Jordan - Escultor Pastor,91,T,10,5,15,F,14/06/2025 12:02:38,"{'type': 'Feature', 'geometry': {'coordinates': [-0.36757337969703135, 39.44412522887422], 'type': 'Point'}, 'properties': {}}","{'lon': -0.36757337969703135, 'lat': 39.44412522887422}",2025-06-14T11:58:52+00:00
Blasco Ibañez - Poeta Durán Tortajada,93,T,24,14,38,F,14/06/2025 12:02:38,"{'type': 'Feature', 'geometry': {'coordinates': [-0.34380927742382206, 39.472282310670764], 'type': 'Point'}, 'properties': {}}","{'lon': -0.34380927742382206, 'lat': 39.472282310670764}",2025-06-14T12:01:12+00:00
Plaza Ayuntamiento - Cotanda,11,T,1,26,27,F,14/06/2025 12:02:38,"{'type': 'Feature', 'geometry': {'coordinates': [-0.3767843903416451, 39.47118632283677], 'type': 'Point'}, 'properties': {}}","{'lon': -0.3767843903416451, 'lat': 39.47118632283677}",2025-06-14T11:58:33+00:00
Regne de Valencia - Almirante Cadarso,35,T,3,10,20,F,14/06/2025 12:02:38,"{'type': 'Feature', 'geometry': {'coordinates': [-0.36699436340059455, 39.46374929341137], 'type': 'Point'}, 'properties': {}}","{'lon': -0.36699436340059455, 'lat': 39.46374929341137}",2025-06-14T11:53:41+00:00
Blasco Ibañez - Mestre Ripoll,100,T,13,7,20,F,14/06/2025 12:02:38,"{'type': 'Feature', 'geometry': {'coordinates': [-0.33815025853445674, 39.471634305646866], 'type': 'Point'}, 'properties': {}}","{'lon': -0.33815025853445674, 'lat': 39.471634305646866}",2025-06-14T11:58:36+00:00
General Urrutia - Granada,41,T,3,17,20,F,14/06/2025 12:02:38,"{'type': 'Feature', 'geometry': {'coordinates': [-0.36477635908979195, 39.458912276426375], 'type': 'Point'}, 'properties': {}}","{'lon': -0.36477635908979195, 'lat': 39.458912276426375}",2025-06-14T11:59:01+00:00
Escultor José Capuz - Oriente,43,T,6,14,20,F,14/06/2025 12:02:38,"{'type': 'Feature', 'geometry': {'coordinates': [-0.36115334583643566, 39.459477276259406], 'type': 'Point'}, 'properties': {}}","{'lon': -0.36115334583643566, 'lat': 39.459477276259406}",2025-06-14T12:00:28+00:00
Av. de la Plata (Museo Fallero),42,T,15,5,20,F,14/06/2025 12:02:38,"{'type': 'Feature', 'geometry': {'coordinates': [-0.3586583378805894, 39.45878127329601], 'type': 'Point'}, 'properties': {}}","{'lon': -0.3586583378805894, 'lat': 39.45878127329601}",2025-06-14T12:01:57+00:00
Plaza de los Fueros - Conde Trenor,36,T,6,19,25,F,14/06/2025 12:02:38,"{'type': 'Feature', 'geometry': {'coordinates': [-0.3754363798581042, 39.479072348860946], 'type': 'Point'}, 'properties': {}}","{'lon': -0.3754363798581042, 'lat': 39.479072348860946}",2025-06-14T11:55:26+00:00
Amadeo de Saboya (frente Ayuntamiento),80,T,21,4,25,F,14/06/2025 12:02:38,"{'type': 'Feature', 'geometry': {'coordinates': [-0.36229833944736023, 39.47374232444908], 'type': 'Point'}, 'properties': {}}","{'lon': -0.36229833944736023, 'lat': 39.47374232444908}",2025-06-14T12:01:49+00:00
Ricardo Muñoz Suay - María José Victoria Fuster (C.C. El Saler),49,T,1,24,25,F,14/06/2025 12:02:38,"{'type': 'Feature', 'geometry': {'coordinates': [-0.3571104198826364, 39.45298693239739], 'type': 'Point'}, 'properties': {}}","{'lon': -0.3571104198826364, 'lat': 39.45298693239739}",2025-06-14T11:56:55+00:00
Moreras (Oceanográfico),51,T,6,14,20,F,14/06/2025 12:02:38,"{'type': 'Feature', 'geometry': {'coordinates': [-0.3472273049060467, 39.45218324552497], 'type': 'Point'}, 'properties': {}}","{'lon': -0.3472273049060467, 'lat': 39.45218324552497}",2025-06-14T11:58:08+00:00
Av. Puerto - Serrería,69,T,19,5,25,F,14/06/2025 12:02:38,"{'type': 'Feature', 'geometry': {'coordinates': [-0.3387212679875118, 39.46195227384504], 'type': 'Point'}, 'properties': {}}","{'lon': -0.3387212679875118, 'lat': 39.46195227384504}",2025-06-14T12:01:49+00:00
"Blasco Ibañez, 32 (F. Filología)",90,T,5,34,40,F,14/06/2025 12:02:38,"{'type': 'Feature', 'geometry': {'coordinates': [-0.3589673254467337, 39.47673433298103], 'type': 'Point'}, 'properties': {}}","{'lon': -0.3589673254467337, 'lat': 39.47673433298103}",2025-06-14T12:00:42+00:00
C/GUILLEM DE CASTRO esquina con C/NA JORDANA,1,T,5,20,25,F,14/06/2025 12:02:38,"{'type': 'Feature', 'geometry': {'coordinates': [-0.38292927973315827, 39.48004223020643], 'type': 'Point'}, 'properties': {}}","{'lon': -0.38292927973315827, 'lat': 39.48004223020643}",2025-06-14T12:00:15+00:00
Plaza de Tetuán,9,T,2,23,25,F,14/06/2025 12:02:38,"{'type': 'Feature', 'geometry': {'coordinates': [-0.3699303648826442, 39.47435533016869], 'type': 'Point'}, 'properties': {}}","{'lon': -0.3699303648826442, 'lat': 39.47435533016869}",2025-06-14T12:01:58+00:00
Hospital - Horno del Hospital,10,T,11,3,15,F,14/06/2025 12:02:38,"{'type': 'Feature', 'geometry': {'coordinates': [-0.38261041097634013, 39.470816323984536], 'type': 'Point'}, 'properties': {}}","{'lon': -0.38261041097634013, 'lat': 39.470816323984536}",2025-06-14T11:57:31+00:00
Naranjos (Magisterio),95,T,14,18,33,F,14/06/2025 12:02:38,"{'type': 'Feature', 'geometry': {'coordinates': [-0.34611927939668474, 39.47983533734356], 'type': 'Point'}, 'properties': {}}","{'lon': -0.34611927939668474, 'lat': 39.47983533734356}",2025-06-14T11:53:17+00:00
Blasco Ibañez 166 - Pintor José Mongrell,99,T,6,15,21,F,14/06/2025 12:02:38,"{'type': 'Feature', 'geometry': {'coordinates': [-0.3404842660990001, 39.47134430635022], 'type': 'Point'}, 'properties': {}}","{'lon': -0.3404842660990001, 'lat': 39.47134430635022}",2025-06-14T11:57:40+00:00
C/Xàtiva 30-32,148,T,0,0,35,F,13/06/2025 02:07:14,"{'type': 'Feature', 'geometry': {'coordinates': [-0.3753782937388751, 39.46714522461298], 'type': 'Point'}, 'properties': {}}","{'lon': -0.3753782937388751, 'lat': 39.46714522461298}",2025-06-12T14:03:57+00:00
Pie de la Cruz - Rejas,147,T,12,2,15,F,14/06/2025 12:02:38,"{'type': 'Feature', 'geometry': {'coordinates': [-0.3802074001545322, 39.47320133107913], 'type': 'Point'}, 'properties': {}}","{'lon': -0.3802074001545322, 'lat': 39.47320133107913}",2025-06-14T12:01:59+00:00
UPV Informática,114,T,12,18,30,F,14/06/2025 12:02:38,"{'type': 'Feature', 'geometry': {'coordinates': [-0.346591279156021, 39.4818043438759], 'type': 'Point'}, 'properties': {}}","{'lon': -0.346591279156021, 'lat': 39.4818043438759}",2025-06-14T12:02:00+00:00
Manuel Candela - Rodriguez de Cepeda,150,T,18,7,25,F,14/06/2025 12:02:38,"{'type': 'Feature', 'geometry': {'coordinates': [-0.35060930364544307, 39.46772129856667], 'type': 'Point'}, 'properties': {}}","{'lon': -0.35060930364544307, 'lat': 39.46772129856667}",2025-06-14T12:00:47+00:00
Gómez Ferrer - Álvaro de Bazán,118,T,9,11,20,F,14/06/2025 12:02:38,"{'type': 'Feature', 'geometry': {'coordinates': [-0.3604163266878076, 39.480466345728246], 'type': 'Point'}, 'properties': {}}","{'lon': -0.3604163266878076, 'lat': 39.480466345728246}",2025-06-14T11:55:27+00:00
Reina Doña María - Cádiz,152,T,2,13,15,F,14/06/2025 12:02:38,"{'type': 'Feature', 'geometry': {'coordinates': [-0.3727053849231208, 39.460925286769694], 'type': 'Point'}, 'properties': {}}","{'lon': -0.3727053849231208, 'lat': 39.460925286769694}",2025-06-14T11:58:53+00:00
Puerto Rico - Cuba,156,T,11,4,15,F,14/06/2025 12:02:38,"{'type': 'Feature', 'geometry': {'coordinates': [-0.3763453968184098, 39.46096428829767], 'type': 'Point'}, 'properties': {}}","{'lon': -0.3763453968184098, 'lat': 39.46096428829767}",2025-06-14T11:59:10+00:00
Pechina - Teruel,202,T,20,0,20,F,14/06/2025 12:02:38,"{'type': 'Feature', 'geometry': {'coordinates': [-0.39333444304417053, 39.47622234753723], 'type': 'Point'}, 'properties': {}}","{'lon': -0.39333444304417053, 'lat': 39.47622234753723}",2025-06-14T11:59:41+00:00
UPV Galileo,111,T,22,8,30,F,14/06/2025 12:02:38,"{'type': 'Feature', 'geometry': {'coordinates': [-0.3395082613341325, 39.48066419504159], 'type': 'Point'}, 'properties': {}}","{'lon': -0.3395082613341325, 'lat': 39.48066419504159}",2025-06-14T11:59:07+00:00
Paseo Neptuno 32-34,163,T,8,12,20,F,14/06/2025 12:02:38,"{'type': 'Feature', 'geometry': {'coordinates': [-0.3234012136184579, 39.46443727525528], 'type': 'Point'}, 'properties': {}}","{'lon': -0.3234012136184579, 'lat': 39.46443727525528}",2025-06-14T11:55:24+00:00
Pavía - Espadán,165,T,8,12,20,F,14/06/2025 12:02:38,"{'type': 'Feature', 'geometry': {'coordinates': [-0.3245702116150898, 39.471409299035706], 'type': 'Point'}, 'properties': {}}","{'lon': -0.3245702116150898, 'lat': 39.471409299035706}",2025-06-14T11:58:38+00:00
Pavía - Acequia de la Cadena,167,T,12,8,20,F,14/06/2025 12:02:38,"{'type': 'Feature', 'geometry': {'coordinates': [-0.3246102088459378, 39.474908310742784], 'type': 'Point'}, 'properties': {}}","{'lon': -0.3246102088459378, 'lat': 39.474908310742784}",2025-06-14T11:59:14+00:00
Isabel de Villena - Mendizábal,170,T,20,0,20,F,14/06/2025 12:02:38,"{'type': 'Feature', 'geometry': {'coordinates': [-0.32533420529241996, 39.482973337910934], 'type': 'Point'}, 'properties': {}}","{'lon': -0.32533420529241996, 'lat': 39.482973337910934}",2025-06-14T12:01:10+00:00
Pío XII - Campanar,172,T,4,16,20,F,14/06/2025 12:02:38,"{'type': 'Feature', 'geometry': {'coordinates': [-0.3933454386575609, 39.48146236504626], 'type': 'Point'}, 'properties': {}}","{'lon': -0.3933454386575609, 'lat': 39.48146236504626}",2025-06-14T12:01:28+00:00
Monduber - Peset Aleixandre,174,T,7,12,19,F,14/06/2025 12:02:38,"{'type': 'Feature', 'geometry': {'coordinates': [-0.38664740957644866, 39.489438388167024], 'type': 'Point'}, 'properties': {}}","{'lon': -0.38664740957644866, 'lat': 39.489438388167024}",2025-06-14T12:01:04+00:00
Cno. Moncada - Pedro Patricio Mey,176,T,18,2,20,F,14/06/2025 12:02:38,"{'type': 'Feature', 'geometry': {'coordinates': [-0.378853381402734, 39.49201739310727], 'type': 'Point'}, 'properties': {}}","{'lon': -0.378853381402734, 'lat': 39.49201739310727}",2025-06-14T11:55:17+00:00
Reig Genovés - Ramón Contreras Mongrell,178,T,2,18,20,F,14/06/2025 12:02:38,"{'type': 'Feature', 'geometry': {'coordinates': [-0.3705063522665271, 39.49221639017785], 'type': 'Point'}, 'properties': {}}","{'lon': -0.3705063522665271, 'lat': 39.49221639017785}",2025-06-14T11:55:32+00:00
Fontanars dels Aforins - Vall d'Uixó,198,T,8,12,20,F,14/06/2025 12:02:38,"{'type': 'Feature', 'geometry': {'coordinates': [-0.395316462028443, 39.46088029740053], 'type': 'Point'}, 'properties': {}}","{'lon': -0.395316462028443, 'lat': 39.46088029740053}",2025-06-14T11:55:02+00:00
Pavía (Instituto Isabel de Villena),169,T,18,0,18,F,14/06/2025 12:02:38,"{'type': 'Feature', 'geometry': {'coordinates': [-0.32464520634897104, 39.47878532308192], 'type': 'Point'}, 'properties': {}}","{'lon': -0.32464520634897104, 'lat': 39.47878532308192}",2025-06-14T12:01:32+00:00
Gran Canaria - Ingeniero Manuel Maese,171,T,13,2,15,F,14/06/2025 12:02:38,"{'type': 'Feature', 'geometry': {'coordinates': [-0.32900821806202085, 39.483060339803416], 'type': 'Point'}, 'properties': {}}","{'lon': -0.32900821806202085, 'lat': 39.483060339803416}",2025-06-14T11:58:41+00:00
Alfahuir - Duque de Mandas,127,T,12,8,20,F,14/06/2025 12:02:38,"{'type': 'Feature', 'geometry': {'coordinates': [-0.3644463333304693, 39.49059138177909], 'type': 'Point'}, 'properties': {}}","{'lon': -0.3644463333304693, 'lat': 39.49059138177909}",2025-06-14T11:54:28+00:00
Armada Española - Mariano Cuber,162,T,1,17,19,F,14/06/2025 12:02:38,"{'type': 'Feature', 'geometry': {'coordinates': [-0.3297952360224295, 39.46360427573933], 'type': 'Point'}, 'properties': {}}","{'lon': -0.3297952360224295, 'lat': 39.46360427573933}",2025-06-14T11:55:05+00:00
Ebanista Caselles - Ausias March,185,T,10,5,15,F,14/06/2025 12:02:38,"{'type': 'Feature', 'geometry': {'coordinates': [-0.3705033850186671, 39.45004424948915], 'type': 'Point'}, 'properties': {}}","{'lon': -0.3705033850186671, 'lat': 39.45004424948915}",2025-06-14T11:55:47+00:00
Pavía - Columbretes,164,T,17,0,17,F,14/06/2025 12:02:38,"{'type': 'Feature', 'geometry': {'coordinates': [-0.3246342149862025, 39.46846028903177], 'type': 'Point'}, 'properties': {}}","{'lon': -0.3246342149862025, 'lat': 39.46846028903177}",2025-06-14T12:01:37+00:00
Albocácer - Vinaroz,123,T,1,19,20,F,14/06/2025 12:02:38,"{'type': 'Feature', 'geometry': {'coordinates': [-0.36484133609518726, 39.487671371814656], 'type': 'Point'}, 'properties': {}}","{'lon': -0.36484133609518726, 'lat': 39.487671371814656}",2025-06-14T12:01:25+00:00
Llano de la Zaidía - Doctor Olóriz,153,T,4,20,24,F,14/06/2025 12:02:38,"{'type': 'Feature', 'geometry': {'coordinates': [-0.3805912745331588, 39.48305822805289], 'type': 'Point'}, 'properties': {}}","{'lon': -0.3805912745331588, 'lat': 39.48305822805289}",2025-06-14T11:59:47+00:00
Azagador de Alboraya - Dolores Marqués,124,T,6,19,25,F,14/06/2025 12:02:38,"{'type': 'Feature', 'geometry': {'coordinates': [-0.3619553259600363, 39.48850137319014], 'type': 'Point'}, 'properties': {}}","{'lon': -0.3619553259600363, 'lat': 39.48850137319014}",2025-06-14T11:52:22+00:00
Alfahuir - José Chabas Bordehore,126,T,15,5,20,F,14/06/2025 12:02:38,"{'type': 'Feature', 'geometry': {'coordinates': [-0.36010431604895277, 39.49309838788837], 'type': 'Point'}, 'properties': {}}","{'lon': -0.36010431604895277, 'lat': 39.49309838788837}",2025-06-14T12:01:28+00:00
Convento Carmelitas - Alboraya,130,T,5,10,15,F,14/06/2025 12:02:38,"{'type': 'Feature', 'geometry': {'coordinates': [-0.370210358642677, 39.483238360081586], 'type': 'Point'}, 'properties': {}}","{'lon': -0.370210358642677, 'lat': 39.483238360081586}",2025-06-14T11:57:12+00:00
Platero Suárez - Milagrosa,132,T,6,9,15,F,14/06/2025 12:02:38,"{'type': 'Feature', 'geometry': {'coordinates': [-0.3734343681182198, 39.48528636793778], 'type': 'Point'}, 'properties': {}}","{'lon': -0.3734343681182198, 'lat': 39.48528636793778}",2025-06-14T12:00:22+00:00
Economista Gay - Constitución,136,T,8,12,20,F,14/06/2025 12:02:38,"{'type': 'Feature', 'geometry': {'coordinates': [-0.37561037166808026, 39.48994138447594], 'type': 'Point'}, 'properties': {}}","{'lon': -0.37561037166808026, 'lat': 39.48994138447594}",2025-06-14T11:54:09+00:00
San Pancracio - Periodista Llorente,138,T,0,20,20,F,14/06/2025 12:02:38,"{'type': 'Feature', 'geometry': {'coordinates': [-0.38422240207482833, 39.48819038284581], 'type': 'Point'}, 'properties': {}}","{'lon': -0.38422240207482833, 'lat': 39.48819038284581}",2025-06-14T11:55:33+00:00
Marqués de San Juan - Diputat Lluís Lucía,144,T,4,11,15,F,14/06/2025 12:02:38,"{'type': 'Feature', 'geometry': {'coordinates': [-0.39548044804080085, 39.4787793569025], 'type': 'Point'}, 'properties': {}}","{'lon': -0.39548044804080085, 'lat': 39.4787793569025}",2025-06-14T11:53:02+00:00
Economista Gay - Luis Crumiere,137,T,17,3,20,F,14/06/2025 12:02:38,"{'type': 'Feature', 'geometry': {'coordinates': [-0.3798963873712934, 39.48903338344832], 'type': 'Point'}, 'properties': {}}","{'lon': -0.3798963873712934, 'lat': 39.48903338344832}",2025-06-14T11:54:19+00:00
Plaza Badajoz,145,T,4,11,15,F,14/06/2025 12:02:38,"{'type': 'Feature', 'geometry': {'coordinates': [-0.398395456094638, 39.48154736759815], 'type': 'Point'}, 'properties': {}}","{'lon': -0.398395456094638, 'lat': 39.48154736759815}",2025-06-14T11:52:19+00:00
Jerónimo Monsoriu - Alcalde Cano Coloma,151,T,12,7,20,F,14/06/2025 12:02:38,"{'type': 'Feature', 'geometry': {'coordinates': [-0.33711726031421224, 39.464669282422186], 'type': 'Point'}, 'properties': {}}","{'lon': -0.33711726031421224, 'lat': 39.464669282422186}",2025-06-14T12:00:50+00:00
Perez Galdós - Nou Moles,201,T,6,4,20,F,14/06/2025 12:02:38,"{'type': 'Feature', 'geometry': {'coordinates': [-0.39366844724894096, 39.47171233289752], 'type': 'Point'}, 'properties': {}}","{'lon': -0.39366844724894096, 'lat': 39.47171233289752}",2025-06-14T11:58:09+00:00
Av. de la Plata - Zapadores,179,T,13,8,23,F,14/06/2025 12:02:38,"{'type': 'Feature', 'geometry': {'coordinates': [-0.36642636792637634, 39.45547226612543], 'type': 'Point'}, 'properties': {}}","{'lon': -0.36642636792637634, 'lat': 39.45547226612543}",2025-06-14T11:57:26+00:00
Giorgeta - Roig de Corella,195,T,10,6,16,F,14/06/2025 12:02:38,"{'type': 'Feature', 'geometry': {'coordinates': [-0.3842814248129742, 39.459384287208486], 'type': 'Point'}, 'properties': {}}","{'lon': -0.3842814248129742, 'lat': 39.459384287208486}",2025-06-14T11:52:24+00:00
Fontanars dels Aforins - Jacinto Labaila,197,T,5,10,15,F,14/06/2025 12:02:38,"{'type': 'Feature', 'geometry': {'coordinates': [-0.39233345436447337, 39.458184286737165], 'type': 'Point'}, 'properties': {}}","{'lon': -0.39233345436447337, 'lat': 39.458184286737165}",2025-06-14T11:54:01+00:00
Ausias March - Av. de la Plata,183,T,17,1,18,F,14/06/2025 12:02:38,"{'type': 'Feature', 'geometry': {'coordinates': [-0.3722843899417025, 39.45262025913349], 'type': 'Point'}, 'properties': {}}","{'lon': -0.3722843899417025, 'lat': 39.45262025913349}",2025-06-14T12:00:11+00:00
Benifairó de Valldigna - Joaquín Benlloch,186,T,12,2,14,F,14/06/2025 12:02:38,"{'type': 'Feature', 'geometry': {'coordinates': [-0.3740153970137416, 39.45039125246078], 'type': 'Point'}, 'properties': {}}","{'lon': -0.3740153970137416, 'lat': 39.45039125246078}",2025-06-14T11:53:01+00:00
Estación AVE Joaquín Sorolla,194,T,33,7,40,F,14/06/2025 12:02:38,"{'type': 'Feature', 'geometry': {'coordinates': [-0.38179930448705707, 39.4607722298068], 'type': 'Point'}, 'properties': {}}","{'lon': -0.38179930448705707, 'lat': 39.4607722298068}",2025-06-14T12:01:45+00:00
Tres Cruces - Jose Maria Mortes Lerma,248,T,6,14,20,F,14/06/2025 12:02:38,"{'type': 'Feature', 'geometry': {'coordinates': [-0.40496949382893443, 39.46284030885798], 'type': 'Point'}, 'properties': {}}","{'lon': -0.40496949382893443, 'lat': 39.46284030885798}",2025-06-14T11:57:04+00:00
Corts Valencianes - General Avilés,204,T,3,17,20,F,14/06/2025 12:02:38,"{'type': 'Feature', 'geometry': {'coordinates': [-0.3965874461307865, 39.485843380594176], 'type': 'Point'}, 'properties': {}}","{'lon': -0.3965874461307865, 'lat': 39.485843380594176}",2025-06-14T11:51:56+00:00
Castán Tobeñas - Patriques,220,T,1,14,16,F,14/06/2025 12:02:38,"{'type': 'Feature', 'geometry': {'coordinates': [-0.3983214623957442, 39.47385534208041], 'type': 'Point'}, 'properties': {}}","{'lon': -0.3983214623957442, 'lat': 39.47385534208041}",2025-06-14T11:57:27+00:00
Nueve de Octubre - Cieza,245,T,5,15,20,F,14/06/2025 12:02:38,"{'type': 'Feature', 'geometry': {'coordinates': [-0.40527029936434095, 39.47213024806011], 'type': 'Point'}, 'properties': {}}","{'lon': -0.40527029936434095, 'lat': 39.47213024806011}",2025-06-14T11:52:21+00:00
Valle de la Ballestera - Pio Baroja,244,T,2,18,20,F,14/06/2025 12:02:38,"{'type': 'Feature', 'geometry': {'coordinates': [-0.40613648554970433, 39.47850636088407], 'type': 'Point'}, 'properties': {}}","{'lon': -0.40613648554970433, 'lat': 39.47850636088407}",2025-06-14T12:01:14+00:00
Padre Esteban Pernet - Casa Misericordia,263,T,4,14,18,F,14/06/2025 12:02:38,"{'type': 'Feature', 'geometry': {'coordinates': [-0.4096445056541294, 39.467043324648515], 'type': 'Point'}, 'properties': {}}","{'lon': -0.4096445056541294, 'lat': 39.467043324648515}",2025-06-14T12:01:01+00:00
La Vall d'Albaida - Corts Valencianes,241,T,0,15,15,F,14/06/2025 12:02:38,"{'type': 'Feature', 'geometry': {'coordinates': [-0.4018904586642118, 39.49297840711153], 'type': 'Point'}, 'properties': {}}","{'lon': -0.4018904586642118, 'lat': 39.49297840711153}",2025-06-14T12:00:43+00:00
Archiduque Carlos - José María Mortes Lerma,213,T,10,5,15,F,14/06/2025 12:02:38,"{'type': 'Feature', 'geometry': {'coordinates': [-0.39697246591763863, 39.463165305912604], 'type': 'Point'}, 'properties': {}}","{'lon': -0.39697246591763863, 'lat': 39.463165305912604}",2025-06-14T12:00:16+00:00
Campos Crespo - Juan de Garay,210,T,5,10,15,F,14/06/2025 12:02:38,"{'type': 'Feature', 'geometry': {'coordinates': [-0.39671647037206986, 39.45555328036534], 'type': 'Point'}, 'properties': {}}","{'lon': -0.39671647037206986, 'lat': 39.45555328036534}",2025-06-14T11:57:08+00:00
Av. del Cid - Burgos,216,T,14,3,17,F,14/06/2025 12:02:38,"{'type': 'Feature', 'geometry': {'coordinates': [-0.3994613007254756, 39.469162243634074], 'type': 'Point'}, 'properties': {}}","{'lon': -0.3994613007254756, 'lat': 39.469162243634074}",2025-06-14T11:55:12+00:00
Olimpia Arozena Torres - Juan Bautista Vives,218,T,11,4,15,F,14/06/2025 12:02:38,"{'type': 'Feature', 'geometry': {'coordinates': [-0.3973844614710405, 39.47074033078547], 'type': 'Point'}, 'properties': {}}","{'lon': -0.3973844614710405, 'lat': 39.47074033078547}",2025-06-14T11:55:45+00:00
Castán Tobeñas - Rincon de Ademuz,219,T,9,9,18,F,14/06/2025 12:02:38,"{'type': 'Feature', 'geometry': {'coordinates': [-0.40303029799024204, 39.47265724610551], 'type': 'Point'}, 'properties': {}}","{'lon': -0.40303029799024204, 'lat': 39.47265724610551}",2025-06-14T11:56:12+00:00
Plaza Xuquer - Vinalopó,261,T,1,18,19,F,14/06/2025 12:02:38,"{'type': 'Feature', 'geometry': {'coordinates': [-0.35037729588168837, 39.47667632834523], 'type': 'Point'}, 'properties': {}}","{'lon': -0.35037729588168837, 'lat': 39.47667632834523}",2025-06-14T11:59:26+00:00
Alcasser - Poeta Alberto Lista,265,T,13,2,15,F,14/06/2025 12:02:38,"{'type': 'Feature', 'geometry': {'coordinates': [-0.40811749816977394, 39.470973337167365], 'type': 'Point'}, 'properties': {}}","{'lon': -0.40811749816977394, 'lat': 39.470973337167365}",2025-06-14T11:52:52+00:00
Corts Valencianes - La Safor,226,T,11,18,30,F,14/06/2025 12:02:38,"{'type': 'Feature', 'geometry': {'coordinates': [-0.3988594505654264, 39.49086439918327], 'type': 'Point'}, 'properties': {}}","{'lon': -0.3988594505654264, 'lat': 39.49086439918327}",2025-06-14T11:53:18+00:00
Doctor Nicasio Benlloch - L'Horta Sud,228,T,8,7,15,F,14/06/2025 12:02:38,"{'type': 'Feature', 'geometry': {'coordinates': [-0.398671446907537, 39.4936924079167], 'type': 'Point'}, 'properties': {}}","{'lon': -0.398671446907537, 'lat': 39.4936924079167}",2025-06-14T11:55:05+00:00
Rio Segre - Rafael Company,236,T,15,0,15,F,14/06/2025 12:02:38,"{'type': 'Feature', 'geometry': {'coordinates': [-0.38227839001583847, 39.49506640496422], 'type': 'Point'}, 'properties': {}}","{'lon': -0.38227839001583847, 'lat': 39.49506640496422}",2025-06-14T11:52:52+00:00
Camp del Turia - Corts Valencianes,240,T,2,18,20,F,14/06/2025 12:02:38,"{'type': 'Feature', 'geometry': {'coordinates': [-0.40154745608135123, 39.495004413973305], 'type': 'Point'}, 'properties': {}}","{'lon': -0.40154745608135123, 'lat': 39.495004413973305}",2025-06-14T11:57:48+00:00
Valle de la Ballestera - Hospital Nueve de Octubre,223,T,14,6,20,F,14/06/2025 12:02:38,"{'type': 'Feature', 'geometry': {'coordinates': [-0.4011874677803583, 39.47855835893999], 'type': 'Point'}, 'properties': {}}","{'lon': -0.4011874677803583, 'lat': 39.47855835893999}",2025-06-14T12:01:05+00:00
Plaza de la Virgen - Bailía,4,T,10,14,25,F,14/06/2025 12:02:38,"{'type': 'Feature', 'geometry': {'coordinates': [-0.37534238089458904, 39.476747340831494], 'type': 'Point'}, 'properties': {}}","{'lon': -0.37534238089458904, 'lat': 39.476747340831494}",2025-06-14T11:58:28+00:00
Francia - Pintor Maella,55,T,3,22,25,F,14/06/2025 12:02:38,"{'type': 'Feature', 'geometry': {'coordinates': [-0.34868630411595647, 39.45934326975421], 'type': 'Point'}, 'properties': {}}","{'lon': -0.34868630411595647, 'lat': 39.45934326975421}",2025-06-14T11:54:20+00:00
Alameda - Pintor Monleón,57,T,5,15,20,F,14/06/2025 12:02:38,"{'type': 'Feature', 'geometry': {'coordinates': [-0.3582563324315247, 39.46447629179199], 'type': 'Point'}, 'properties': {}}","{'lon': -0.3582563324315247, 'lat': 39.46447629179199}",2025-06-14T12:01:48+00:00
Plaza España,58,T,8,12,20,F,14/06/2025 12:02:38,"{'type': 'Feature', 'geometry': {'coordinates': [-0.3815864106638383, 39.46621830848607], 'type': 'Point'}, 'properties': {}}","{'lon': -0.3815864106638383, 'lat': 39.46621830848607}",2025-06-14T11:56:18+00:00
Blasco Ibañez - Jaime Roig,85,T,1,22,23,F,14/06/2025 12:02:38,"{'type': 'Feature', 'geometry': {'coordinates': [-0.3647153422684407, 39.479464345022826], 'type': 'Point'}, 'properties': {}}","{'lon': -0.3647153422684407, 'lat': 39.479464345022826}",2025-06-14T11:53:01+00:00
Blasco Ibañez - Doctor Gómez Ferrer (Clínico),87,T,0,33,33,F,14/06/2025 12:02:38,"{'type': 'Feature', 'geometry': {'coordinates': [-0.36188033357859983, 39.47851834019109], 'type': 'Point'}, 'properties': {}}","{'lon': -0.36188033357859983, 'lat': 39.47851834019109}",2025-06-14T11:54:06+00:00
Plaza del Mercado - Taula de Canvis,7,T,2,16,19,F,14/06/2025 12:02:38,"{'type': 'Feature', 'geometry': {'coordinates': [-0.3791853952972924, 39.47487233593648], 'type': 'Point'}, 'properties': {}}","{'lon': -0.3791853952972924, 'lat': 39.47487233593648}",2025-06-14T11:56:44+00:00
"Colón, 60",16,T,5,15,20,F,14/06/2025 12:02:38,"{'type': 'Feature', 'geometry': {'coordinates': [-0.3704333693720587, 39.470092316192336], 'type': 'Point'}, 'properties': {}}","{'lon': -0.3704333693720587, 'lat': 39.470092316192336}",2025-06-14T12:01:52+00:00
Campoamor - Músico Ginés,76,T,0,19,19,F,14/06/2025 12:02:38,"{'type': 'Feature', 'geometry': {'coordinates': [-0.343461277578989, 39.47008330347364], 'type': 'Point'}, 'properties': {}}","{'lon': -0.343461277578989, 'lat': 39.47008330347364}",2025-06-14T12:01:14+00:00
Guillem de Castro - San Pedro Pascual,6,T,5,10,15,F,14/06/2025 12:02:38,"{'type': 'Feature', 'geometry': {'coordinates': [-0.38408341393871137, 39.472798331478145], 'type': 'Point'}, 'properties': {}}","{'lon': -0.38408341393871137, 'lat': 39.472798331478145}",2025-06-14T11:53:15+00:00
"Alberique, 18 (Abastos)",25,T,11,12,23,F,14/06/2025 12:02:38,"{'type': 'Feature', 'geometry': {'coordinates': [-0.38861043334080225, 39.46772931656263], 'type': 'Point'}, 'properties': {}}","{'lon': -0.38861043334080225, 'lat': 39.46772931656263}",2025-06-14T11:53:05+00:00
San José de Calasanz - Salas Quiroga,26,T,8,7,15,F,14/06/2025 12:02:38,"{'type': 'Feature', 'geometry': {'coordinates': [-0.38586429939117395, 39.46633523268935], 'type': 'Point'}, 'properties': {}}","{'lon': -0.38586429939117395, 'lat': 39.46633523268935}",2025-06-14T12:01:28+00:00
Cirilo Amorós - Jorge Juan (Mercado Colón),30,T,7,12,20,F,14/06/2025 12:02:38,"{'type': 'Feature', 'geometry': {'coordinates': [-0.36849936365579583, 39.468601309884924], 'type': 'Point'}, 'properties': {}}","{'lon': -0.36849936365579583, 'lat': 39.468601309884924}",2025-06-14T12:00:17+00:00
Colón 20-22,18,T,19,5,24,F,14/06/2025 12:02:38,"{'type': 'Feature', 'geometry': {'coordinates': [-0.37312937987373457, 39.468191311513856], 'type': 'Point'}, 'properties': {}}","{'lon': -0.37312937987373457, 'lat': 39.468191311513856}",2025-06-14T11:57:44+00:00
Menorca - Baleares,62,T,2,18,20,F,14/06/2025 12:02:38,"{'type': 'Feature', 'geometry': {'coordinates': [-0.3421522812931475, 39.45981126842254], 'type': 'Point'}, 'properties': {}}","{'lon': -0.3421522812931475, 'lat': 39.45981126842254}",2025-06-14T11:56:12+00:00
Luis García Berlanga Martí - Menorca,52,T,9,16,25,F,14/06/2025 12:02:38,"{'type': 'Feature', 'geometry': {'coordinates': [-0.3463402980947426, 39.45603425797373], 'type': 'Point'}, 'properties': {}}","{'lon': -0.3463402980947426, 'lat': 39.45603425797373}",2025-06-14T12:01:20+00:00
Av. Puerto - Doctor Manuel Candela,65,T,2,17,19,F,14/06/2025 12:02:38,"{'type': 'Feature', 'geometry': {'coordinates': [-0.3508373061951808, 39.465516292011046], 'type': 'Point'}, 'properties': {}}","{'lon': -0.3508373061951808, 'lat': 39.465516292011046}",2025-06-14T11:57:58+00:00
Alameda - Pintor Maella,53,T,16,9,25,F,14/06/2025 12:02:38,"{'type': 'Feature', 'geometry': {'coordinates': [-0.34813930400480075, 39.45676426141678], 'type': 'Point'}, 'properties': {}}","{'lon': -0.34813930400480075, 'lat': 39.45676426141678}",2025-06-14T12:00:42+00:00
Baleares - Río Escalona,59,T,4,10,15,F,14/06/2025 12:02:38,"{'type': 'Feature', 'geometry': {'coordinates': [-0.3545493213542055, 39.463088285667624], 'type': 'Point'}, 'properties': {}}","{'lon': -0.3545493213542055, 'lat': 39.463088285667624}",2025-06-14T11:57:09+00:00
Alfonso el Magnánimo - Nave,13,T,3,19,24,F,14/06/2025 12:02:38,"{'type': 'Feature', 'geometry': {'coordinates': [-0.37087436964085335, 39.4720623227334], 'type': 'Point'}, 'properties': {}}","{'lon': -0.37087436964085335, 'lat': 39.4720623227334}",2025-06-14T11:59:45+00:00
Germanías - Ruzafa,33,T,10,10,20,F,14/06/2025 12:02:38,"{'type': 'Feature', 'geometry': {'coordinates': [-0.37399038562310283, 39.46481830023885], 'type': 'Point'}, 'properties': {}}","{'lon': -0.37399038562310283, 'lat': 39.46481830023885}",2025-06-14T11:59:02+00:00
Calle Salvá - Calle Poeta Querol,12,T,0,20,20,F,14/06/2025 12:02:38,"{'type': 'Feature', 'geometry': {'coordinates': [-0.3740102862977963, 39.47196722343732], 'type': 'Point'}, 'properties': {}}","{'lon': -0.3740102862977963, 'lat': 39.47196722343732}",2025-06-14T12:01:40+00:00
Pintor Luis Arcas - Inst. Obrero Valenciano,46,T,0,20,20,F,14/06/2025 12:02:38,"{'type': 'Feature', 'geometry': {'coordinates': [-0.35878734087160885, 39.455509261762266], 'type': 'Point'}, 'properties': {}}","{'lon': -0.35878734087160885, 'lat': 39.455509261762266}",2025-06-14T11:59:53+00:00
Aragón - Ernesto Ferrer,79,T,3,17,20,F,14/06/2025 12:02:38,"{'type': 'Feature', 'geometry': {'coordinates': [-0.357242322435451, 39.4727793187067], 'type': 'Point'}, 'properties': {}}","{'lon': -0.357242322435451, 'lat': 39.4727793187067}",2025-06-14T11:59:58+00:00
Guillem de Castro (Torres de Quart),82,T,3,11,15,F,14/06/2025 12:02:38,"{'type': 'Feature', 'geometry': {'coordinates': [-0.3839144104057024, 39.47605634238628], 'type': 'Point'}, 'properties': {}}","{'lon': -0.3839144104057024, 'lat': 39.47605634238628}",2025-06-14T12:00:19+00:00
Peris y Valero - Luis Santángel,37,T,13,7,20,F,14/06/2025 12:02:38,"{'type': 'Feature', 'geometry': {'coordinates': [-0.3664406250017559, 39.460937800028375], 'type': 'Point'}, 'properties': {}}","{'lon': -0.3664406250017559, 'lat': 39.460937800028375}",2025-06-14T11:58:55+00:00
Blasco Ibañez - Aragón,92,T,0,20,20,F,14/06/2025 12:02:38,"{'type': 'Feature', 'geometry': {'coordinates': [-0.35596831583559707, 39.47586032883543], 'type': 'Point'}, 'properties': {}}","{'lon': -0.35596831583559707, 'lat': 39.47586032883543}",2025-06-14T11:59:44+00:00
Justo y Pastor - Duque de Gaeta,98,T,5,10,15,F,14/06/2025 12:02:38,"{'type': 'Feature', 'geometry': {'coordinates': [-0.348442294427372, 39.469680303996114], 'type': 'Point'}, 'properties': {}}","{'lon': -0.348442294427372, 'lat': 39.469680303996114}",2025-06-14T12:01:12+00:00
Campillo de Altobuey (Polideportivo),107,T,12,3,15,F,14/06/2025 12:02:38,"{'type': 'Feature', 'geometry': {'coordinates': [-0.3362242490922528, 39.47524531713643], 'type': 'Point'}, 'properties': {}}","{'lon': -0.3362242490922528, 'lat': 39.47524531713643}",2025-06-14T11:54:51+00:00
Av. del Cid - Julián Peña,200,T,3,12,15,F,14/06/2025 12:02:38,"{'type': 'Feature', 'geometry': {'coordinates': [-0.3932144497376184, 39.467737319045916], 'type': 'Point'}, 'properties': {}}","{'lon': -0.3932144497376184, 'lat': 39.467737319045916}",2025-06-14T11:57:16+00:00
Naranjos - Ingeniero Fausto Elio,109,T,6,13,20,F,14/06/2025 12:02:38,"{'type': 'Feature', 'geometry': {'coordinates': [-0.3335102388084858, 39.4768193210939], 'type': 'Point'}, 'properties': {}}","{'lon': -0.3335102388084858, 'lat': 39.4768193210939}",2025-06-14T11:58:25+00:00
Mediterráneo - Plaza Cruz de Cañamelar,161,T,0,14,15,F,14/06/2025 12:02:38,"{'type': 'Feature', 'geometry': {'coordinates': [-0.3317262387298495, 39.46796929073871], 'type': 'Point'}, 'properties': {}}","{'lon': -0.3317262387298495, 'lat': 39.46796929073871}",2025-06-14T11:59:53+00:00
Ausias March - Pianista Amparo Iturbi,182,T,3,18,21,F,14/06/2025 12:02:38,"{'type': 'Feature', 'geometry': {'coordinates': [-0.37496539716978367, 39.455432269344854], 'type': 'Point'}, 'properties': {}}","{'lon': -0.37496539716978367, 'lat': 39.455432269344854}",2025-06-14T12:00:52+00:00
Jerónimo Muñoz - Gaspar Aguilar,196,T,11,4,15,F,14/06/2025 12:02:38,"{'type': 'Feature', 'geometry': {'coordinates': [-0.3880664379854734, 39.45957528956863], 'type': 'Point'}, 'properties': {}}","{'lon': -0.3880664379854734, 'lat': 39.45957528956863}",2025-06-14T11:53:12+00:00
Cataluña - Doctor Vicente Zaragozá,115,T,7,9,16,F,14/06/2025 12:02:38,"{'type': 'Feature', 'geometry': {'coordinates': [-0.3521482985209469, 39.481562345598135], 'type': 'Point'}, 'properties': {}}","{'lon': -0.3521482985209469, 'lat': 39.481562345598135}",2025-06-14T11:52:21+00:00
Murta - Sant Eperit,121,T,8,7,15,F,14/06/2025 12:02:38,"{'type': 'Feature', 'geometry': {'coordinates': [-0.35877131748144303, 39.48618236435413], 'type': 'Point'}, 'properties': {}}","{'lon': -0.35877131748144303, 'lat': 39.48618236435413}",2025-06-14T11:56:05+00:00
Rubén Darío - Plaza Fray Luis Colomer,103,T,1,14,15,F,14/06/2025 12:02:38,"{'type': 'Feature', 'geometry': {'coordinates': [-0.3523713017453889, 39.47845333567255], 'type': 'Point'}, 'properties': {}}","{'lon': -0.3523713017453889, 'lat': 39.47845333567255}",2025-06-14T12:00:37+00:00
Albalat dels Tarongers - Professor Ernest Lluch,106,T,5,20,25,F,14/06/2025 12:02:38,"{'type': 'Feature', 'geometry': {'coordinates': [-0.34138726522688073, 39.47674432466283], 'type': 'Point'}, 'properties': {}}","{'lon': -0.34138726522688073, 'lat': 39.47674432466283}",2025-06-14T11:53:09+00:00
UPV Trinquet,110,T,22,8,30,F,14/06/2025 12:02:38,"{'type': 'Feature', 'geometry': {'coordinates': [-0.33668024623462534, 39.48074033571707], 'type': 'Point'}, 'properties': {}}","{'lon': -0.33668024623462534, 'lat': 39.48074033571707}",2025-06-14T11:57:41+00:00
Doctor Vicente Zaragozá - Emilio Baró,120,T,2,16,18,F,14/06/2025 12:02:38,"{'type': 'Feature', 'geometry': {'coordinates': [-0.36204632906281087, 39.484880361257815], 'type': 'Point'}, 'properties': {}}","{'lon': -0.36204632906281087, 'lat': 39.484880361257815}",2025-06-14T12:01:31+00:00
Músico Hipólito Martínez - Diógenes López Mecho,122,T,10,5,15,F,14/06/2025 12:02:38,"{'type': 'Feature', 'geometry': {'coordinates': [-0.3540663028794564, 39.48448535604776], 'type': 'Point'}, 'properties': {}}","{'lon': -0.3540663028794564, 'lat': 39.48448535604776}",2025-06-14T11:59:13+00:00
Doctor Lluch - Virgen del Sufragio,158,T,2,13,15,F,14/06/2025 12:02:38,"{'type': 'Feature', 'geometry': {'coordinates': [-0.3277192268301427, 39.46669828513057], 'type': 'Point'}, 'properties': {}}","{'lon': -0.3277192268301427, 'lat': 39.46669828513057}",2025-06-14T12:01:38+00:00
Alfahuir - Peñiscola,128,T,4,20,25,F,14/06/2025 12:02:38,"{'type': 'Feature', 'geometry': {'coordinates': [-0.367544345093534, 39.48876637693274], 'type': 'Point'}, 'properties': {}}","{'lon': -0.367544345093534, 'lat': 39.48876637693274}",2025-06-14T11:55:44+00:00
Campanar - Nicasio Benlloch,140,T,16,3,20,F,14/06/2025 12:02:38,"{'type': 'Feature', 'geometry': {'coordinates': [-0.3896004206542252, 39.48800438494039], 'type': 'Point'}, 'properties': {}}","{'lon': -0.3896004206542252, 'lat': 39.48800438494039}",2025-06-14T11:57:29+00:00
"CALLE SANTA AMALIA  2, esquina POETA BODRIA",131,T,3,17,20,F,14/06/2025 12:02:38,"{'type': 'Feature', 'geometry': {'coordinates': [-0.3729122732215235, 39.48141722170027], 'type': 'Point'}, 'properties': {}}","{'lon': -0.3729122732215235, 'lat': 39.48141722170027}",2025-06-14T12:00:57+00:00
Constitución - Reus,135,T,9,11,20,F,14/06/2025 12:02:38,"{'type': 'Feature', 'geometry': {'coordinates': [-0.37850138478156414, 39.48570237196362], 'type': 'Point'}, 'properties': {}}","{'lon': -0.37850138478156414, 'lat': 39.48570237196362}",2025-06-14T11:52:43+00:00
Reus - Alquería de la Estrella,139,T,2,13,15,F,14/06/2025 12:02:38,"{'type': 'Feature', 'geometry': {'coordinates': [-0.38287339995719183, 39.485706374097916], 'type': 'Point'}, 'properties': {}}","{'lon': -0.38287339995719183, 'lat': 39.485706374097916}",2025-06-14T11:58:51+00:00
Gregorio Gea - Padre Ferris,141,T,17,3,20,F,14/06/2025 12:02:38,"{'type': 'Feature', 'geometry': {'coordinates': [-0.3851564091174212, 39.483268367245344], 'type': 'Point'}, 'properties': {}}","{'lon': -0.3851564091174212, 'lat': 39.483268367245344}",2025-06-14T11:59:27+00:00
Pio XII - Menéndez PIdal (Nuevo Centro),143,T,15,15,30,F,14/06/2025 12:02:38,"{'type': 'Feature', 'geometry': {'coordinates': [-0.39093643241708165, 39.4795373575288], 'type': 'Point'}, 'properties': {}}","{'lon': -0.39093643241708165, 'lat': 39.4795373575288}",2025-06-14T12:01:27+00:00
Alcudia de Crespins - Pedro Patricio Mey,177,T,7,7,15,F,14/06/2025 12:02:38,"{'type': 'Feature', 'geometry': {'coordinates': [-0.3734883620528129, 39.493545396079504], 'type': 'Point'}, 'properties': {}}","{'lon': -0.3734883620528129, 'lat': 39.493545396079504}",2025-06-14T11:54:22+00:00
Ángel Villena - Ausias March,187,T,13,2,15,F,14/06/2025 12:02:38,"{'type': 'Feature', 'geometry': {'coordinates': [-0.3688183809361798, 39.447960241518516], 'type': 'Point'}, 'properties': {}}","{'lon': -0.3688183809361798, 'lat': 39.447960241518516}",2025-06-14T12:01:59+00:00
Esparraguera - Cra. Malilla,191,T,12,3,15,F,14/06/2025 12:02:38,"{'type': 'Feature', 'geometry': {'coordinates': [-0.37886641388495107, 39.45032925434954], 'type': 'Point'}, 'properties': {}}","{'lon': -0.37886641388495107, 'lat': 39.45032925434954}",2025-06-14T11:58:59+00:00
Beato Nicolás Factor - Convento de Jesús,199,T,9,6,15,F,14/06/2025 12:02:38,"{'type': 'Feature', 'geometry': {'coordinates': [-0.39155844823975844, 39.46158829801141], 'type': 'Point'}, 'properties': {}}","{'lon': -0.39155844823975844, 'lat': 39.46158829801141}",2025-06-14T11:56:53+00:00
Doctor Waksman - Nieves,180,T,7,12,20,F,14/06/2025 12:02:38,"{'type': 'Feature', 'geometry': {'coordinates': [-0.3706833820688013, 39.45602126922772], 'type': 'Point'}, 'properties': {}}","{'lon': -0.3706833820688013, 'lat': 39.45602126922772}",2025-06-14T11:57:14+00:00
Hospital Nueva Fe (consultas externas),188,T,9,31,40,F,14/06/2025 12:02:38,"{'type': 'Feature', 'geometry': {'coordinates': [-0.3751583239336074, 39.44462122517277], 'type': 'Point'}, 'properties': {}}","{'lon': -0.3751583239336074, 'lat': 39.44462122517277}",2025-06-14T11:56:00+00:00
Cra. Malilla - Oltá,192,T,15,3,20,F,14/06/2025 12:02:38,"{'type': 'Feature', 'geometry': {'coordinates': [-0.3787144113919625, 39.45263726161547], 'type': 'Point'}, 'properties': {}}","{'lon': -0.3787144113919625, 'lat': 39.45263726161547}",2025-06-14T12:00:11+00:00
Tres Cruces - Pio XI,250,T,12,3,15,F,14/06/2025 12:02:38,"{'type': 'Feature', 'geometry': {'coordinates': [-0.4008070181198941, 39.456352245577065], 'type': 'Point'}, 'properties': {}}","{'lon': -0.4008070181198941, 'lat': 39.456352245577065}",2025-06-14T11:58:00+00:00
Dels Gremis - Campos Crespo,252,T,8,12,20,F,14/06/2025 12:02:38,"{'type': 'Feature', 'geometry': {'coordinates': [-0.40357449843597065, 39.45028826570709], 'type': 'Point'}, 'properties': {}}","{'lon': -0.40357449843597065, 'lat': 39.45028826570709}",2025-06-14T11:59:48+00:00
"Plaza Luis Cano, 5",268,T,8,1,10,F,14/06/2025 12:02:38,"{'type': 'Feature', 'geometry': {'coordinates': [-0.41849350927046264, 39.50144544298018], 'type': 'Point'}, 'properties': {}}","{'lon': -0.41849350927046264, 'lat': 39.50144544298018}",2025-06-14T11:55:06+00:00
Tres Forques - Turís,256,T,1,4,15,F,14/06/2025 12:02:38,"{'type': 'Feature', 'geometry': {'coordinates': [-0.39223544845537966, 39.46396330656933], 'type': 'Point'}, 'properties': {}}","{'lon': -0.39223544845537966, 'lat': 39.46396330656933}",2025-06-14T11:53:12+00:00
Canal de Navarrés - Maestro Rodrigo,266,T,2,15,18,F,14/06/2025 12:02:38,"{'type': 'Feature', 'geometry': {'coordinates': [-0.40637147642320165, 39.49028940014262], 'type': 'Point'}, 'properties': {}}","{'lon': -0.40637147642320165, 'lat': 39.49028940014262}",2025-06-14T11:53:43+00:00
Carteros - Mossen Febrer,208,T,10,10,20,F,14/06/2025 12:02:38,"{'type': 'Feature', 'geometry': {'coordinates': [-0.38857844617931064, 39.451692263769644], 'type': 'Point'}, 'properties': {}}","{'lon': -0.38857844617931064, 'lat': 39.451692263769644}",2025-06-14T11:55:52+00:00
Tres Cruces - Músico Ayllón,247,T,15,0,15,F,14/06/2025 12:02:38,"{'type': 'Feature', 'geometry': {'coordinates': [-0.4055734914728698, 39.467410323935766], 'type': 'Point'}, 'properties': {}}","{'lon': -0.4055734914728698, 'lat': 39.467410323935766}",2025-06-14T11:56:49+00:00
Tres Cruces - Segunda República Española,249,T,1,14,15,F,14/06/2025 12:02:38,"{'type': 'Feature', 'geometry': {'coordinates': [-0.4027404883331656, 39.459506295875165], 'type': 'Point'}, 'properties': {}}","{'lon': -0.4027404883331656, 'lat': 39.459506295875165}",2025-06-14T12:00:01+00:00
Plaza Músico Espí,234,T,12,3,15,F,14/06/2025 12:02:38,"{'type': 'Feature', 'geometry': {'coordinates': [-0.3736443597891149, 39.49649940567526], 'type': 'Point'}, 'properties': {}}","{'lon': -0.3736443597891149, 'lat': 39.49649940567526}",2025-06-14T11:53:34+00:00
"Plaza Salvador Soria, 8",257,T,10,10,20,F,14/06/2025 12:02:38,"{'type': 'Feature', 'geometry': {'coordinates': [-0.38910445245389036, 39.44525124234686], 'type': 'Point'}, 'properties': {}}","{'lon': -0.38910445245389036, 'lat': 39.44525124234686}",2025-06-14T11:54:04+00:00
Beniferri - Vicent Tomás Martí,267,T,15,0,16,F,14/06/2025 12:02:38,"{'type': 'Feature', 'geometry': {'coordinates': [-0.4059294716064297, 39.49416841275147], 'type': 'Point'}, 'properties': {}}","{'lon': -0.4059294716064297, 'lat': 39.49416841275147}",2025-06-14T11:54:52+00:00
Salvador Cerveró - Carlos Cortina,271,T,6,9,15,F,14/06/2025 12:02:38,"{'type': 'Feature', 'geometry': {'coordinates': [-0.38989141267304944, 39.49927942267903], 'type': 'Point'}, 'properties': {}}","{'lon': -0.38989141267304944, 'lat': 39.49927942267903}",2025-06-14T11:58:51+00:00
Moraira - Alta del Mar,273,T,9,6,15,F,14/06/2025 12:02:38,"{'type': 'Feature', 'geometry': {'coordinates': [-0.3332722584595297, 39.450305232524904], 'type': 'Point'}, 'properties': {}}","{'lon': -0.3332722584595297, 'lat': 39.450305232524904}",2025-06-14T12:00:30+00:00
José Meliá Castelló - Campos Crespo,253,T,9,6,15,F,14/06/2025 12:02:38,"{'type': 'Feature', 'geometry': {'coordinates': [-0.4011014879360589, 39.45272627278094], 'type': 'Point'}, 'properties': {}}","{'lon': -0.4011014879360589, 'lat': 39.45272627278094}",2025-06-14T12:01:10+00:00
Tomas de Villarroya - San Vicente,255,T,16,1,18,F,14/06/2025 12:02:38,"{'type': 'Feature', 'geometry': {'coordinates': [-0.38602944085901075, 39.447703249066144], 'type': 'Point'}, 'properties': {}}","{'lon': -0.38602944085901075, 'lat': 39.447703249066144}",2025-06-14T11:52:00+00:00
"Giorgeta, 64",207,T,8,7,15,F,14/06/2025 12:02:38,"{'type': 'Feature', 'geometry': {'coordinates': [-0.381905420300487, 39.45539327294658], 'type': 'Point'}, 'properties': {}}","{'lon': -0.381905420300487, 'lat': 39.45539327294658}",2025-06-14T11:55:09+00:00
Pintor Rafael Solves - Jose Soto Mico,258,T,10,5,15,F,14/06/2025 12:02:38,"{'type': 'Feature', 'geometry': {'coordinates': [-0.3891374575312111, 39.43982822413676], 'type': 'Point'}, 'properties': {}}","{'lon': -0.3891374575312111, 'lat': 39.43982822413676}",2025-06-14T11:55:03+00:00
Traginers - Pedrapiquers,260,T,15,5,20,F,14/06/2025 12:02:38,"{'type': 'Feature', 'geometry': {'coordinates': [-0.4072175039832668, 39.45955629873093], 'type': 'Point'}, 'properties': {}}","{'lon': -0.4072175039832668, 'lat': 39.45955629873093}",2025-06-14T12:01:28+00:00
Tres Forques - Colonia Española de Mexico,262,T,4,16,20,F,14/06/2025 12:02:38,"{'type': 'Feature', 'geometry': {'coordinates': [-0.40922550688289966, 39.463472312903384], 'type': 'Point'}, 'properties': {}}","{'lon': -0.40922550688289966, 'lat': 39.463472312903384}",2025-06-14T11:59:03+00:00
Fray Juanípero Serra - Torrente,212,T,9,6,15,F,14/06/2025 12:02:38,"{'type': 'Feature', 'geometry': {'coordinates': [-0.40039647823746194, 39.46148430130945], 'type': 'Point'}, 'properties': {}}","{'lon': -0.40039647823746194, 'lat': 39.46148430130945}",2025-06-14T11:59:36+00:00
"Santa Cruz de Tenerife, 21",214,T,3,12,15,F,14/06/2025 12:02:38,"{'type': 'Feature', 'geometry': {'coordinates': [-0.4005764763988502, 39.464932313028335], 'type': 'Point'}, 'properties': {}}","{'lon': -0.4005764763988502, 'lat': 39.464932313028335}",2025-06-14T12:01:04+00:00
Maestro Rodrigo - Manuel de Falla,222,T,3,17,20,F,14/06/2025 12:02:38,"{'type': 'Feature', 'geometry': {'coordinates': [-0.39728245609920837, 39.47689335174765], 'type': 'Point'}, 'properties': {}}","{'lon': -0.39728245609920837, 'lat': 39.47689335174765}",2025-06-14T12:00:22+00:00
Jorge Comin (Metge) - Terrateig,224,T,0,20,20,F,14/06/2025 12:02:38,"{'type': 'Feature', 'geometry': {'coordinates': [-0.40358847435527895, 39.480568366964896], 'type': 'Point'}, 'properties': {}}","{'lon': -0.40358847435527895, 'lat': 39.480568366964896}",2025-06-14T11:51:51+00:00
Poeta Serrano Clavero - General Llorens,230,T,8,7,15,F,14/06/2025 12:02:38,"{'type': 'Feature', 'geometry': {'coordinates': [-0.38678440634001116, 39.49475040560395], 'type': 'Point'}, 'properties': {}}","{'lon': -0.38678440634001116, 'lat': 39.49475040560395}",2025-06-14T11:57:03+00:00
San Jose Artesano - Francisco Morote Greus,238,T,1,14,15,F,14/06/2025 12:02:38,"{'type': 'Feature', 'geometry': {'coordinates': [-0.39438342966293366, 39.497449418355934], 'type': 'Point'}, 'properties': {}}","{'lon': -0.39438342966293366, 'lat': 39.497449418355934}",2025-06-14T11:55:46+00:00
Alcañiz - Cambrils,231,T,12,3,15,F,14/06/2025 12:02:38,"{'type': 'Feature', 'geometry': {'coordinates': [-0.3786213772644184, 39.49507240298451], 'type': 'Point'}, 'properties': {}}","{'lon': -0.3786213772644184, 'lat': 39.49507240298451}",2025-06-14T11:59:02+00:00
San Juan Bosco - Santiago Rusiñol,233,T,7,8,15,F,14/06/2025 12:02:38,"{'type': 'Feature', 'geometry': {'coordinates': [-0.36943734517384297, 39.497160406039164], 'type': 'Point'}, 'properties': {}}","{'lon': -0.36943734517384297, 'lat': 39.497160406039164}",2025-06-14T12:00:17+00:00
Florista - T4 (Palau de Congressos),239,T,10,10,20,F,14/06/2025 12:02:38,"{'type': 'Feature', 'geometry': {'coordinates': [-0.39996444953107335, 39.4969854198013], 'type': 'Point'}, 'properties': {}}","{'lon': -0.39996444953107335, 'lat': 39.4969854198013}",2025-06-14T11:56:18+00:00
Huesca - Barón de Cárcer,14,T,7,13,20,F,14/06/2025 12:02:38,"{'type': 'Feature', 'geometry': {'coordinates': [-0.37972440222295445, 39.46896731649349], 'type': 'Point'}, 'properties': {}}","{'lon': -0.37972440222295445, 'lat': 39.46896731649349}",2025-06-14T11:55:54+00:00
Plaza San Felipe Neri (Mercado Algirós),74,T,10,10,20,F,14/06/2025 12:02:38,"{'type': 'Feature', 'geometry': {'coordinates': [-0.3537343124957471, 39.469949307546806], 'type': 'Point'}, 'properties': {}}","{'lon': -0.3537343124957471, 'lat': 39.469949307546806}",2025-06-14T12:01:29+00:00
"Blasco Ibañez, 28 (F. Geografía e Historia)",88,T,0,40,40,F,14/06/2025 12:02:38,"{'type': 'Feature', 'geometry': {'coordinates': [-0.36114233248377353, 39.477512336096844], 'type': 'Point'}, 'properties': {}}","{'lon': -0.36114233248377353, 'lat': 39.477512336096844}",2025-06-14T12:00:29+00:00
República Argentina - Campoamor,75,T,3,22,25,F,14/06/2025 12:02:38,"{'type': 'Feature', 'geometry': {'coordinates': [-0.35170130420295115, 39.472113313853896], 'type': 'Point'}, 'properties': {}}","{'lon': -0.35170130420295115, 'lat': 39.472113313853896}",2025-06-14T12:00:11+00:00
Angel Guimerá - Juan Llorens,22,T,8,7,15,F,14/06/2025 12:02:38,"{'type': 'Feature', 'geometry': {'coordinates': [-0.3883534313205414, 39.46978732404922], 'type': 'Point'}, 'properties': {}}","{'lon': -0.3883534313205414, 'lat': 39.46978732404922}",2025-06-14T12:00:06+00:00
Ramiro de Maeztu - Peris Brell,72,T,0,15,15,F,14/06/2025 12:02:38,"{'type': 'Feature', 'geometry': {'coordinates': [-0.34644628196214244, 39.467257201162404], 'type': 'Point'}, 'properties': {}}","{'lon': -0.34644628196214244, 'lat': 39.467257201162404}",2025-06-14T12:00:14+00:00
Guillem de Anglesola - Av. Puerto,66,T,5,20,25,F,14/06/2025 12:02:38,"{'type': 'Feature', 'geometry': {'coordinates': [-0.3462612916525901, 39.46427128532339], 'type': 'Point'}, 'properties': {}}","{'lon': -0.3462612916525901, 'lat': 39.46427128532339}",2025-06-14T11:56:13+00:00
Av. Puerto - José Aguilar,68,T,0,20,20,F,14/06/2025 12:02:38,"{'type': 'Feature', 'geometry': {'coordinates': [-0.3417332778594022, 39.46280327868023], 'type': 'Point'}, 'properties': {}}","{'lon': -0.3417332778594022, 'lat': 39.46280327868023}",2025-06-14T11:58:08+00:00
Hermanos Maristas - General Urrutia,45,T,2,13,15,F,14/06/2025 12:02:38,"{'type': 'Feature', 'geometry': {'coordinates': [-0.36185535292343096, 39.45381925759081], 'type': 'Point'}, 'properties': {}}","{'lon': -0.36185535292343096, 'lat': 39.45381925759081}",2025-06-14T12:00:04+00:00
Antonio Ferrandis - General Urrutia,48,T,4,15,20,F,14/06/2025 12:02:38,"{'type': 'Feature', 'geometry': {'coordinates': [-0.35855273823228967, 39.450807354184086], 'type': 'Point'}, 'properties': {}}","{'lon': -0.35855273823228967, 'lat': 39.450807354184086}",2025-06-14T12:01:53+00:00
Autopista del Saler - Antonio Ferrandis (C.C. El Saler),50,T,1,39,40,F,14/06/2025 12:02:38,"{'type': 'Feature', 'geometry': {'coordinates': [-0.3528593228128155, 39.453318252515686], 'type': 'Point'}, 'properties': {}}","{'lon': -0.3528593228128155, 'lat': 39.453318252515686}",2025-06-14T12:00:41+00:00
Av Puerto 19 (Telefónica),63,T,3,17,20,F,14/06/2025 12:02:38,"{'type': 'Feature', 'geometry': {'coordinates': [-0.358414330727018, 39.46777930285978], 'type': 'Point'}, 'properties': {}}","{'lon': -0.358414330727018, 'lat': 39.46777930285978}",2025-06-14T12:01:49+00:00
Molinell - Calderón de la Barca,77,T,6,14,20,F,14/06/2025 12:02:38,"{'type': 'Feature', 'geometry': {'coordinates': [-0.36566734195835493, 39.48497336307338], 'type': 'Point'}, 'properties': {}}","{'lon': -0.36566734195835493, 'lat': 39.48497336307338}",2025-06-14T11:54:44+00:00
Juan Llorens - Literato Gabriel Miró,21,T,14,2,16,F,14/06/2025 12:02:38,"{'type': 'Feature', 'geometry': {'coordinates': [-0.39021443540491124, 39.4723713328859], 'type': 'Point'}, 'properties': {}}","{'lon': -0.39021443540491124, 'lat': 39.4723713328859}",2025-06-14T11:58:56+00:00
Peris y Valero - Cuba,39,T,0,19,19,F,14/06/2025 12:02:38,"{'type': 'Feature', 'geometry': {'coordinates': [-0.3739313916673185, 39.457854277261184], 'type': 'Point'}, 'properties': {}}","{'lon': -0.3739313916673185, 'lat': 39.457854277261184}",2025-06-14T11:57:04+00:00
Regne de Valencia - Doctor Sumsi,34,T,4,13,17,F,14/06/2025 12:02:38,"{'type': 'Feature', 'geometry': {'coordinates': [-0.36996137299092113, 39.46412229654908], 'type': 'Point'}, 'properties': {}}","{'lon': -0.36996137299092113, 'lat': 39.46412229654908}",2025-06-14T12:01:09+00:00
General Urrutia - Av. de la Plata,44,T,2,17,19,F,14/06/2025 12:02:38,"{'type': 'Feature', 'geometry': {'coordinates': [-0.36301435452576164, 39.45642926768604], 'type': 'Point'}, 'properties': {}}","{'lon': -0.36301435452576164, 'lat': 39.45642926768604}",2025-06-14T11:59:48+00:00
Peris y Valero - Cabo Jubi,38,T,0,15,15,F,14/06/2025 12:02:38,"{'type': 'Feature', 'geometry': {'coordinates': [-0.37024937736936264, 39.45940204927687], 'type': 'Point'}, 'properties': {}}","{'lon': -0.37024937736936264, 'lat': 39.45940204927687}",2025-06-14T12:00:36+00:00
"Barcas, 11",40,T,0,26,26,F,14/06/2025 12:02:38,"{'type': 'Feature', 'geometry': {'coordinates': [-0.3748243837183276, 39.470466319701956], 'type': 'Point'}, 'properties': {}}","{'lon': -0.3748243837183276, 'lat': 39.470466319701956}",2025-06-14T11:58:02+00:00
Plaza del Musico López Chavarri,3,T,5,15,20,F,14/06/2025 12:02:38,"{'type': 'Feature', 'geometry': {'coordinates': [-0.3802883976424855, 39.4768353435743], 'type': 'Point'}, 'properties': {}}","{'lon': -0.3802883976424855, 'lat': 39.4768353435743}",2025-06-14T11:58:13+00:00
Juan Verdeguer - Toneleros,67,T,3,11,14,F,14/06/2025 12:02:38,"{'type': 'Feature', 'geometry': {'coordinates': [-0.33679826304022287, 39.45886026320377], 'type': 'Point'}, 'properties': {}}","{'lon': -0.33679826304022287, 'lat': 39.45886026320377}",2025-06-14T11:54:39+00:00
Av. Puerto - Plaza Tribunal de les Aigües,71,T,1,18,20,F,14/06/2025 12:02:38,"{'type': 'Feature', 'geometry': {'coordinates': [-0.33353125122308164, 39.46038026686525], 'type': 'Point'}, 'properties': {}}","{'lon': -0.33353125122308164, 'lat': 39.46038026686525}",2025-06-14T12:01:53+00:00
Jerónimo Monsoriu - Industria,73,T,9,11,20,F,14/06/2025 12:02:38,"{'type': 'Feature', 'geometry': {'coordinates': [-0.3428792786496773, 39.4662592905475], 'type': 'Point'}, 'properties': {}}","{'lon': -0.3428792786496773, 'lat': 39.4662592905475}",2025-06-14T12:00:43+00:00
Micer Mascó - Rodriguez Fornos,81,T,5,15,20,F,14/06/2025 12:02:38,"{'type': 'Feature', 'geometry': {'coordinates': [-0.36097833354659675, 39.47512832851177], 'type': 'Point'}, 'properties': {}}","{'lon': -0.36097833354659675, 'lat': 39.47512832851177}",2025-06-14T12:00:23+00:00
General Elio - Llano del Real,83,T,16,9,25,F,14/06/2025 12:02:38,"{'type': 'Feature', 'geometry': {'coordinates': [-0.3669703519914759, 39.47758533929587], 'type': 'Point'}, 'properties': {}}","{'lon': -0.3669703519914759, 'lat': 39.47758533929587}",2025-06-14T12:00:39+00:00
"Serrería, 67",84,T,8,7,15,F,14/06/2025 12:02:38,"{'type': 'Feature', 'geometry': {'coordinates': [-0.33522597686590844, 39.467123092394516], 'type': 'Point'}, 'properties': {}}","{'lon': -0.33522597686590844, 'lat': 39.467123092394516}",2025-06-14T12:01:37+00:00
Gaspar Aguilar - Vicente Parra,86,T,1,19,20,F,14/06/2025 12:02:38,"{'type': 'Feature', 'geometry': {'coordinates': [-0.39119345191575566, 39.4552402764855], 'type': 'Point'}, 'properties': {}}","{'lon': -0.39119345191575566, 'lat': 39.4552402764855}",2025-06-14T11:53:15+00:00
Salvador Giner - C. Museo,2,T,3,12,15,F,14/06/2025 12:02:38,"{'type': 'Feature', 'geometry': {'coordinates': [-0.3797483936090024, 39.479889353348874], 'type': 'Point'}, 'properties': {}}","{'lon': -0.3797483936090024, 'lat': 39.479889353348874}",2025-06-14T11:59:36+00:00
Conde Altea - Almirante Cadarso,32,T,7,13,20,F,14/06/2025 12:02:38,"{'type': 'Feature', 'geometry': {'coordinates': [-0.3682473649948816, 39.46600630156446], 'type': 'Point'}, 'properties': {}}","{'lon': -0.3682473649948816, 'lat': 39.46600630156446}",2025-06-14T11:53:16+00:00
Blasco Ibañez - Clariano,94,T,5,15,20,F,14/06/2025 12:02:38,"{'type': 'Feature', 'geometry': {'coordinates': [-0.35158330144926053, 39.47537832465668], 'type': 'Point'}, 'properties': {}}","{'lon': -0.35158330144926053, 'lat': 39.47537832465668}",2025-06-14T12:01:54+00:00
Blasco Ibañez - Yecla,96,T,4,17,21,F,14/06/2025 12:02:38,"{'type': 'Feature', 'geometry': {'coordinates': [-0.3482142912637639, 39.47355431688417], 'type': 'Point'}, 'properties': {}}","{'lon': -0.3482142912637639, 'lat': 39.47355431688417}",2025-06-14T12:01:03+00:00
Blasco Ibañez 121,97,T,3,20,23,F,14/06/2025 12:02:38,"{'type': 'Feature', 'geometry': {'coordinates': [-0.3431322739648798, 39.47306831276613], 'type': 'Point'}, 'properties': {}}","{'lon': -0.3431322739648798, 'lat': 39.47306831276613}",2025-06-14T11:54:30+00:00
Ramón Llull - Serpis,102,T,3,17,20,F,14/06/2025 12:02:38,"{'type': 'Feature', 'geometry': {'coordinates': [-0.346720283882565, 39.47583332394092], 'type': 'Point'}, 'properties': {}}","{'lon': -0.346720283882565, 'lat': 39.47583332394092}",2025-06-14T12:00:45+00:00
Albalat dels Tarongers - Paseo Facultades,104,T,13,7,20,F,14/06/2025 12:02:38,"{'type': 'Feature', 'geometry': {'coordinates': [-0.3472752845405608, 39.478386332978474], 'type': 'Point'}, 'properties': {}}","{'lon': -0.3472752845405608, 'lat': 39.478386332978474}",2025-06-14T12:01:14+00:00
Manuel Broseta i Pont - Naranjos,112,T,4,15,40,F,14/06/2025 12:02:38,"{'type': 'Feature', 'geometry': {'coordinates': [-0.34227526701990957, 39.47858033137406], 'type': 'Point'}, 'properties': {}}","{'lon': -0.34227526701990957, 'lat': 39.47858033137406}",2025-06-14T12:00:58+00:00
Doctor Vicente Zaragozá - Ramón Asensio,116,T,12,3,15,F,14/06/2025 12:02:38,"{'type': 'Feature', 'geometry': {'coordinates': [-0.3575613154471814, 39.48325335356676], 'type': 'Point'}, 'properties': {}}","{'lon': -0.3575613154471814, 'lat': 39.48325335356676}",2025-06-14T11:56:05+00:00
Luís Peixó 20,108,T,0,15,15,F,14/06/2025 12:02:38,"{'type': 'Feature', 'geometry': {'coordinates': [-0.3339152679031098, 39.47382619077011], 'type': 'Point'}, 'properties': {}}","{'lon': -0.3339152679031098, 'lat': 39.47382619077011}",2025-06-14T11:56:03+00:00
Jaime Roig - Bachiller,119,T,2,17,20,F,14/06/2025 12:02:38,"{'type': 'Feature', 'geometry': {'coordinates': [-0.36322633473676447, 39.48252035422283], 'type': 'Point'}, 'properties': {}}","{'lon': -0.36322633473676447, 'lat': 39.48252035422283}",2025-06-14T11:56:47+00:00
UPV Caminos,113,T,37,1,38,F,14/06/2025 12:02:38,"{'type': 'Feature', 'geometry': {'coordinates': [-0.3436112694462359, 39.48127634089521], 'type': 'Point'}, 'properties': {}}","{'lon': -0.3436112694462359, 'lat': 39.48127634089521}",2025-06-14T11:52:05+00:00
Francisco Cubells - San José de la Vega,159,T,5,12,17,F,14/06/2025 12:02:38,"{'type': 'Feature', 'geometry': {'coordinates': [-0.3347222532485526, 39.463449276866356], 'type': 'Point'}, 'properties': {}}","{'lon': -0.3347222532485526, 'lat': 39.463449276866356}",2025-06-14T11:57:20+00:00
"Masquefa, 42 - 44",125,T,14,1,15,F,14/06/2025 12:02:38,"{'type': 'Feature', 'geometry': {'coordinates': [-0.3586183142345537, 39.489693375775445], 'type': 'Point'}, 'properties': {}}","{'lon': -0.3586183142345537, 'lat': 39.489693375775445}",2025-06-14T11:52:00+00:00
Pío XII - Monestir de Poblet,173,T,10,10,20,F,14/06/2025 12:02:38,"{'type': 'Feature', 'geometry': {'coordinates': [-0.394678441209281, 39.484541375368174], 'type': 'Point'}, 'properties': {}}","{'lon': -0.394678441209281, 'lat': 39.484541375368174}",2025-06-14T12:00:15+00:00
Don Vicente Guillot - Progreso,166,T,1,14,15,F,14/06/2025 12:02:38,"{'type': 'Feature', 'geometry': {'coordinates': [-0.32881122495787873, 39.47334930757559], 'type': 'Point'}, 'properties': {}}","{'lon': -0.32881122495787873, 'lat': 39.47334930757559}",2025-06-14T11:56:24+00:00
Pescadores - Progreso,154,T,1,14,15,F,14/06/2025 12:02:38,"{'type': 'Feature', 'geometry': {'coordinates': [-0.3295542305651281, 39.469876296228996], 'type': 'Point'}, 'properties': {}}","{'lon': -0.3295542305651281, 'lat': 39.469876296228996}",2025-06-14T11:58:57+00:00
Gascó Oliag - Primado Reig,117,T,13,16,30,F,14/06/2025 12:02:38,"{'type': 'Feature', 'geometry': {'coordinates': [-0.357065317141581, 39.47925133992885], 'type': 'Point'}, 'properties': {}}","{'lon': -0.357065317141581, 'lat': 39.47925133992885}",2025-06-14T11:56:17+00:00
Marino Blas de Lezo (estación Cabañal Adif),101,T,26,4,30,F,14/06/2025 12:02:38,"{'type': 'Feature', 'geometry': {'coordinates': [-0.3348422811122132, 39.47022899172744], 'type': 'Point'}, 'properties': {}}","{'lon': -0.3348422811122132, 'lat': 39.47022899172744}",2025-06-14T11:58:52+00:00
José María de Haro - Justo y Pastor,160,T,13,7,20,F,14/06/2025 12:02:38,"{'type': 'Feature', 'geometry': {'coordinates': [-0.33898126470999496, 39.467336291769534], 'type': 'Point'}, 'properties': {}}","{'lon': -0.33898126470999496, 'lat': 39.467336291769534}",2025-06-14T12:00:37+00:00
Maximiliano Thous - Luz Casanova,134,T,17,3,20,F,14/06/2025 12:02:38,"{'type': 'Feature', 'geometry': {'coordinates': [-0.37333936513208965, 39.48765637635625], 'type': 'Point'}, 'properties': {}}","{'lon': -0.37333936513208965, 'lat': 39.48765637635625}",2025-06-14T12:01:26+00:00
Gregorio Gea - Profesor Beltrán Báguena,142,T,5,20,25,F,14/06/2025 12:02:38,"{'type': 'Feature', 'geometry': {'coordinates': [-0.38965942617943544, 39.48192036501599], 'type': 'Point'}, 'properties': {}}","{'lon': -0.38965942617943544, 'lat': 39.48192036501599}",2025-06-14T11:59:18+00:00
Salamanca - Reina Doña Germana,155,T,2,15,20,F,14/06/2025 12:02:38,"{'type': 'Feature', 'geometry': {'coordinates': [-0.3630783484267159, 39.46495329574819], 'type': 'Point'}, 'properties': {}}","{'lon': -0.3630783484267159, 'lat': 39.46495329574819}",2025-06-14T12:00:16+00:00
Pérez Galdós - Marqués de Zenete,157,T,1,19,20,F,14/06/2025 12:02:38,"{'type': 'Feature', 'geometry': {'coordinates': [-0.38736643250783204, 39.46405230416093], 'type': 'Point'}, 'properties': {}}","{'lon': -0.38736643250783204, 'lat': 39.46405230416093}",2025-06-14T11:56:19+00:00
Almazora - Benimuslem,129,T,11,9,20,F,14/06/2025 12:02:38,"{'type': 'Feature', 'geometry': {'coordinates': [-0.3699453557741905, 39.485975369089516], 'type': 'Point'}, 'properties': {}}","{'lon': -0.3699453557741905, 'lat': 39.485975369089516}",2025-06-14T11:56:45+00:00
Alfambra - Poeta Monmeneu,133,T,2,13,15,F,14/06/2025 12:02:38,"{'type': 'Feature', 'geometry': {'coordinates': [-0.37588237827023757, 39.48275636079257], 'type': 'Point'}, 'properties': {}}","{'lon': -0.37588237827023757, 'lat': 39.48275636079257}",2025-06-14T12:00:45+00:00
Peris y Valero - Salamanca,149,T,0,19,20,F,14/06/2025 12:02:38,"{'type': 'Feature', 'geometry': {'coordinates': [-0.36179534600499663, 39.462934287947085], 'type': 'Point'}, 'properties': {}}","{'lon': -0.36179534600499663, 'lat': 39.462934287947085}",2025-06-14T12:00:38+00:00
Reina Violante - Escultor García Mas,203,T,1,14,15,F,14/06/2025 12:02:38,"{'type': 'Feature', 'geometry': {'coordinates': [-0.40118246297404103, 39.48460937883364], 'type': 'Point'}, 'properties': {}}","{'lon': -0.40118246297404103, 'lat': 39.48460937883364}",2025-06-14T12:00:05+00:00
Juan XXIII - Domingo Gómez,175,T,13,2,15,F,14/06/2025 12:02:38,"{'type': 'Feature', 'geometry': {'coordinates': [-0.38271239433339566, 39.49258939642365], 'type': 'Point'}, 'properties': {}}","{'lon': -0.38271239433339566, 'lat': 39.49258939642365}",2025-06-14T11:52:58+00:00
"Zapadores, 23",181,T,0,15,15,F,14/06/2025 12:02:38,"{'type': 'Feature', 'geometry': {'coordinates': [-0.3681913713233589, 39.45799927509706], 'type': 'Point'}, 'properties': {}}","{'lon': -0.3681913713233589, 'lat': 39.45799927509706}",2025-06-14T11:59:06+00:00
Hospital Nueva Fe (administración),189,T,1,29,30,F,14/06/2025 12:02:38,"{'type': 'Feature', 'geometry': {'coordinates': [-0.37706532415787625, 39.44477922701873], 'type': 'Point'}, 'properties': {}}","{'lon': -0.37706532415787625, 'lat': 39.44477922701873}",2025-06-14T11:56:01+00:00
Uruguay - Carteros,193,T,11,8,20,F,14/06/2025 12:02:38,"{'type': 'Feature', 'geometry': {'coordinates': [-0.386718436578698, 39.45514627443484], 'type': 'Point'}, 'properties': {}}","{'lon': -0.386718436578698, 'lat': 39.45514627443484}",2025-06-14T12:00:17+00:00
Bombero Ramón Duart - Hermanos Maristas,184,T,7,8,15,F,14/06/2025 12:02:38,"{'type': 'Feature', 'geometry': {'coordinates': [-0.36557036636455215, 39.45278225629358], 'type': 'Point'}, 'properties': {}}","{'lon': -0.36557036636455215, 'lat': 39.45278225629358}",2025-06-14T12:01:19+00:00
Cra. Malilla - Bulevar Sur,190,T,5,13,18,F,14/06/2025 12:02:38,"{'type': 'Feature', 'geometry': {'coordinates': [-0.38029642271654757, 39.44608224133691], 'type': 'Point'}, 'properties': {}}","{'lon': -0.38029642271654757, 'lat': 39.44608224133691}",2025-06-14T11:58:09+00:00
Doctor Tomás Sala - Carteros,254,T,6,13,19,F,14/06/2025 12:02:38,"{'type': 'Feature', 'geometry': {'coordinates': [-0.3899174536874086, 39.447714251158565], 'type': 'Point'}, 'properties': {}}","{'lon': -0.3899174536874086, 'lat': 39.447714251158565}",2025-06-14T12:01:13+00:00
Ninot - Regino Mas,270,T,0,16,16,F,14/06/2025 12:02:38,"{'type': 'Feature', 'geometry': {'coordinates': [-0.39288942312141745, 39.50007542649037], 'type': 'Point'}, 'properties': {}}","{'lon': -0.39288942312141745, 'lat': 39.50007542649037}",2025-06-14T11:57:52+00:00
Vicente la Roda - Ingeniero Fausto Elio,272,T,10,5,15,F,14/06/2025 12:02:38,"{'type': 'Feature', 'geometry': {'coordinates': [-0.33219023115385166, 39.48062333339468], 'type': 'Point'}, 'properties': {}}","{'lon': -0.33219023115385166, 'lat': 39.48062333339468}",2025-06-14T11:59:34+00:00
Av. del Cid - Marconi,264,T,4,16,20,F,14/06/2025 12:02:38,"{'type': 'Feature', 'geometry': {'coordinates': [-0.4144325204450301, 39.46916033373618], 'type': 'Point'}, 'properties': {}}","{'lon': -0.4144325204450301, 'lat': 39.46916033373618}",2025-06-14T12:01:57+00:00
San Francisco de Paula - Castell de Pop,274,T,13,2,15,F,14/06/2025 12:02:38,"{'type': 'Feature', 'geometry': {'coordinates': [-0.3331882593063431, 39.44807022576504], 'type': 'Point'}, 'properties': {}}","{'lon': -0.3331882593063431, 'lat': 39.44807022576504}",2025-06-14T12:01:50+00:00
Veles e Vents,276,T,20,0,20,F,14/06/2025 12:02:38,"{'type': 'Feature', 'geometry': {'coordinates': [-0.32376521655842594, 39.46197526682713], 'type': 'Point'}, 'properties': {}}","{'lon': -0.32376521655842594, 'lat': 39.46197526682713}",2025-06-14T11:55:31+00:00
Periodista Gil Sumbiela - Poeta Serrano Clavero,206,T,15,0,15,F,14/06/2025 12:02:38,"{'type': 'Feature', 'geometry': {'coordinates': [-0.38900741524280136, 39.49271239990425], 'type': 'Point'}, 'properties': {}}","{'lon': -0.38900741524280136, 'lat': 39.49271239990425}",2025-06-14T11:53:44+00:00
Levante U.D. - Ecuador,237,T,6,9,15,F,14/06/2025 12:02:38,"{'type': 'Feature', 'geometry': {'coordinates': [-0.39103842063587124, 39.494758407776374], 'type': 'Point'}, 'properties': {}}","{'lon': -0.39103842063587124, 'lat': 39.494758407776374}",2025-06-14T11:53:53+00:00
Manuel de Falla - Hernández Lázaro,221,T,8,12,20,F,14/06/2025 12:02:38,"{'type': 'Feature', 'geometry': {'coordinates': [-0.4028534760386356, 39.475270348637764], 'type': 'Point'}, 'properties': {}}","{'lon': -0.4028534760386356, 'lat': 39.475270348637764}",2025-06-14T11:59:14+00:00
San Vicente Paul - Santiago Rusiñol,232,T,12,3,15,F,14/06/2025 12:02:38,"{'type': 'Feature', 'geometry': {'coordinates': [-0.36575333473149996, 39.49464439592328], 'type': 'Point'}, 'properties': {}}","{'lon': -0.36575333473149996, 'lat': 39.49464439592328}",2025-06-14T11:59:22+00:00
Tres Cruces - Hospital General,246,T,0,20,20,F,14/06/2025 12:02:38,"{'type': 'Feature', 'geometry': {'coordinates': [-0.4065094941412157, 39.469090330003425], 'type': 'Point'}, 'properties': {}}","{'lon': -0.4065094941412157, 'lat': 39.469090330003425}",2025-06-14T11:53:31+00:00
"Campamento, 81",269,T,2,13,15,F,14/06/2025 12:02:38,"{'type': 'Feature', 'geometry': {'coordinates': [-0.42626353678444817, 39.49990744160243], 'type': 'Point'}, 'properties': {}}","{'lon': -0.42626353678444817, 'lat': 39.49990744160243}",2025-06-14T11:59:11+00:00
Arquitecto Segura del Lago - Camino Nuevo de Picaña,251,T,13,2,15,F,14/06/2025 12:02:38,"{'type': 'Feature', 'geometry': {'coordinates': [-0.4044134972721287, 39.45583028505104], 'type': 'Point'}, 'properties': {}}","{'lon': -0.4044134972721287, 'lat': 39.45583028505104}",2025-06-14T11:58:11+00:00
Moreras - Rona de Nazaret,275,T,8,12,20,F,14/06/2025 12:02:38,"{'type': 'Feature', 'geometry': {'coordinates': [-0.3350652633218127, 39.45230524022502], 'type': 'Point'}, 'properties': {}}","{'lon': -0.3350652633218127, 'lat': 39.45230524022502}",2025-06-14T11:52:35+00:00
Albacete - Maluquer,243,T,4,13,18,F,14/06/2025 12:02:38,"{'type': 'Feature', 'geometry': {'coordinates': [-0.3845424236611566, 39.46282029901061], 'type': 'Point'}, 'properties': {}}","{'lon': -0.3845424236611566, 'lat': 39.46282029901061}",2025-06-14T12:01:19+00:00
Nicasio Benlloch - Amics dels Corpus,205,T,11,13,24,F,14/06/2025 12:02:38,"{'type': 'Feature', 'geometry': {'coordinates': [-0.3930904323547156, 39.48928739053543], 'type': 'Point'}, 'properties': {}}","{'lon': -0.3930904323547156, 'lat': 39.48928739053543}",2025-06-14T11:59:59+00:00
Gaspar Aguilar - Músico Penella,209,T,12,6,18,F,14/06/2025 12:02:38,"{'type': 'Feature', 'geometry': {'coordinates': [-0.39301546105732643, 39.45208226727133], 'type': 'Point'}, 'properties': {}}","{'lon': -0.39301546105732643, 'lat': 39.45208226727133}",2025-06-14T11:56:08+00:00
Fray Junípero Serra - Vall d'Uixó,211,T,4,11,15,F,14/06/2025 12:02:38,"{'type': 'Feature', 'geometry': {'coordinates': [-0.3977574716661004, 39.45872629171394], 'type': 'Point'}, 'properties': {}}","{'lon': -0.3977574716661004, 'lat': 39.45872629171394}",2025-06-14T11:58:12+00:00
Músico Ayllón - Francisco Dolz,215,T,7,8,15,F,14/06/2025 12:02:38,"{'type': 'Feature', 'geometry': {'coordinates': [-0.39674846254882856, 39.46567131414367], 'type': 'Point'}, 'properties': {}}","{'lon': -0.39674846254882856, 'lat': 39.46567131414367}",2025-06-14T11:52:11+00:00
Pintor Stolz - Nueve de Octubre,217,T,0,25,25,F,14/06/2025 12:02:38,"{'type': 'Feature', 'geometry': {'coordinates': [-0.40459648652865626, 39.47032833321364], 'type': 'Point'}, 'properties': {}}","{'lon': -0.40459648652865626, 'lat': 39.47032833321364}",2025-06-14T11:55:16+00:00
Pio IX - Músico Cabanilles,259,T,18,2,20,F,14/06/2025 12:02:38,"{'type': 'Feature', 'geometry': {'coordinates': [-0.3930154660803912, 39.44546024514969], 'type': 'Point'}, 'properties': {}}","{'lon': -0.3930154660803912, 'lat': 39.44546024514969}",2025-06-14T11:56:57+00:00
La Safor - Maestro Rodrigo,242,T,4,11,15,F,14/06/2025 12:02:38,"{'type': 'Feature', 'geometry': {'coordinates': [-0.4041974712326189, 39.487907391410516], 'type': 'Point'}, 'properties': {}}","{'lon': -0.4041974712326189, 'lat': 39.487907391410516}",2025-06-14T12:00:11+00:00
Padre Barranco - Carlos Ruano Llopis (Pintor),225,T,6,14,20,F,14/06/2025 12:02:38,"{'type': 'Feature', 'geometry': {'coordinates': [-0.40114246019172434, 39.488107390420495], 'type': 'Point'}, 'properties': {}}","{'lon': -0.40114246019172434, 'lat': 39.488107390420495}",2025-06-14T11:52:10+00:00
San Clemente - Hospital Arnau de Vilanova,227,T,2,18,20,F,14/06/2025 12:02:38,"{'type': 'Feature', 'geometry': {'coordinates': [-0.40293146422681364, 39.49024839844318], 'type': 'Point'}, 'properties': {}}","{'lon': -0.40293146422681364, 'lat': 39.49024839844318}",2025-06-14T11:53:35+00:00
Aitana - Florista,229,T,2,14,16,F,14/06/2025 12:02:38,"{'type': 'Feature', 'geometry': {'coordinates': [-0.39480643424749534, 39.493104403991694], 'type': 'Point'}, 'properties': {}}","{'lon': -0.39480643424749534, 'lat': 39.493104403991694}",2025-06-14T11:56:24+00:00
Conde Torrefiel - Cecilio Plá,235,T,4,11,15,F,14/06/2025 12:02:38,"{'type': 'Feature', 'geometry': {'coordinates': [-0.3772033703255944, 39.49804541205544], 'type': 'Point'}, 'properties': {}}","{'lon': -0.3772033703255944, 'lat': 39.49804541205544}",2025-06-14T11:52:53+00:00
